Date,Close
2/8/2013,2670.85
2/11/2013,2669.37
2/12/2013,2673.77
2/13/2013,2676.6
2/14/2013,2678.77
2/15/2013,2676.21
2/19/2013,2696.26
2/20/2013,2662.94
2/21/2013,2646.75
2/22/2013,2670.36
2/25/2013,2621.46
2/26/2013,2637.89
2/27/2013,2672.11
2/28/2013,2669.92
3/1/2013,2676.18
3/4/2013,2688.54
3/5/2013,2714.35
3/6/2013,2718.07
3/7/2013,2723.27
3/8/2013,2735.67
3/11/2013,2744.81
3/12/2013,2738.35
3/13/2013,2741.95
3/14/2013,2758.3
3/15/2013,2753.83
3/18/2013,2738.68
3/19/2013,2732.09
3/20/2013,2750.42
3/21/2013,2727.69
3/22/2013,2747.25
3/25/2013,2738.08
3/26/2013,2760.32
3/27/2013,2758.85
3/28/2013,2770.05
4/1/2013,2757.83
4/2/2013,2772.11
4/3/2013,2743.38
4/4/2013,2754.67
4/5/2013,2742.86
4/8/2013,2761.05
4/9/2013,2770.84
4/10/2013,2804.81
4/11/2013,2815.02
4/12/2013,2807.03
4/15/2013,2742.63
4/16/2013,2781.86
4/17/2013,2742.01
4/18/2013,2723.63
4/19/2013,2747.94
4/22/2013,2760.74
4/23/2013,2789.56
4/24/2013,2789.58
4/25/2013,2801.28
4/26/2013,2796.24
4/29/2013,2816.34
4/30/2013,2823.42
5/1/2013,2797.15
5/2/2013,2823.82
5/3/2013,2853.57
5/6/2013,2859.34
5/7/2013,2874.46
5/8/2013,2886.35
5/9/2013,2876.96
5/10/2013,2890.77
5/13/2013,2891.17
5/14/2013,2921.12
5/15/2013,2936.98
5/16/2013,2922.4
5/17/2013,2952.56
5/20/2013,2950.53
5/21/2013,2955.69
5/22/2013,2931.58
5/23/2013,2923.01
5/24/2013,2921.88
5/28/2013,2940.45
5/29/2013,2920.18
5/30/2013,2931.39
5/31/2013,2889.46
6/3/2013,2906.61
6/4/2013,2891.02
6/5/2013,2851.17
6/6/2013,2876.5
6/7/2013,2913.41
6/10/2013,2912.63
6/11/2013,2883.05
6/12/2013,2859.62
6/13/2013,2902.32
6/14/2013,2885.24
6/17/2013,2907.12
6/18/2013,2929.81
6/19/2013,2889.24
6/20/2013,2817.44
6/21/2013,2824.97
6/24/2013,2790.66
6/25/2013,2817.44
6/26/2013,2845.04
6/27/2013,2862.92
6/28/2013,2850.66
7/1/2013,2866.41
7/2/2013,2865.48
7/3/2013,2867.85
7/5/2013,2897.12
7/8/2013,2913.2
7/9/2013,2934.32
7/10/2013,2934.97
7/11/2013,2975.06
7/12/2013,2984.24
7/15/2013,2988.35
7/16/2013,2977.26
7/17/2013,2985.85
7/18/2013,3001.21
7/19/2013,3006.13
7/22/2013,3012.3
7/23/2013,3006.72
7/24/2013,2995.3
7/25/2013,3003
7/26/2013,3005.51
7/29/2013,2994.45
7/30/2013,2995.68
7/31/2013,2995.72
8/1/2013,3033.59
8/2/2013,3038.63
8/5/2013,3034.43
8/6/2013,3017.16
8/7/2013,3006.63
8/8/2013,3019
8/9/2013,3008.79
8/12/2013,3005.42
8/13/2013,3014.43
8/14/2013,2999.42
8/15/2013,2957.08
8/16/2013,2947.46
8/19/2013,2930.27
8/20/2013,2941.58
8/21/2013,2924.73
8/22/2013,2949.96
8/23/2013,2962.06
8/26/2013,2950.13
8/27/2013,2903.29
8/28/2013,2911.83
8/29/2013,2917.96
8/30/2013,2908.96
9/3/2013,2921.23
9/4/2013,2945.62
9/5/2013,2949.27
9/6/2013,2949.8
9/9/2013,2979.45
9/10/2013,3001.36
9/11/2013,3010.94
9/12/2013,3001.62
9/13/2013,3009.79
9/16/2013,3026.94
9/17/2013,3039.75
9/18/2013,3076.81
9/19/2013,3071.61
9/20/2013,3049.47
9/23/2013,3035.09
9/24/2013,3027.52
9/25/2013,3019.31
9/26/2013,3030.41
9/27/2013,3018.24
9/30/2013,3000.18
10/1/2013,3024.38
10/2/2013,3022.95
10/3/2013,2995.81
10/4/2013,3017.05
10/7/2013,2991.39
10/8/2013,2955.41
10/9/2013,2957.4
10/10/2013,3022.43
10/11/2013,3041.43
10/14/2013,3053.84
10/15/2013,3032.27
10/16/2013,3074.54
10/17/2013,3095.42
10/18/2013,3115.77
10/21/2013,3116.09
10/22/2013,3133.98
10/23/2013,3119.2
10/24/2013,3129.41
10/25/2013,3143.16
10/28/2013,3147.36
10/29/2013,3165.11
10/30/2013,3149.93
10/31/2013,3138.09
11/1/2013,3147.21
11/4/2013,3158.47
11/5/2013,3149.96
11/6/2013,3165.13
11/7/2013,3124.12
11/8/2013,3166.11
11/11/2013,3168.41
11/12/2013,3161.1
11/13/2013,3187.64
11/14/2013,3203.65
11/15/2013,3217.2
11/18/2013,3205.46
11/19/2013,3199.52
11/20/2013,3188.04
11/21/2013,3214.16
11/22/2013,3230.54
11/25/2013,3226.53
11/26/2013,3227.36
11/27/2013,3236.14
11/29/2013,3233.72
12/2/2013,3225.06
12/3/2013,3214.95
12/4/2013,3211.59
12/5/2013,3197.76
12/6/2013,3233.99
12/9/2013,3239.99
12/10/2013,3229.72
12/11/2013,3193.52
12/12/2013,3182.33
12/13/2013,3182.07
12/16/2013,3202.22
12/17/2013,3192.33
12/18/2013,3245.59
12/19/2013,3244.15
12/20/2013,3259.79
12/23/2013,3277.62
12/24/2013,3287.55
12/26/2013,3303.15
12/27/2013,3302.66
12/30/2013,3302.3
12/31/2013,3315.59
1/2/2014,3286.69
1/3/2014,3285.68
1/6/2014,3277.48
1/7/2014,3297.45
1/8/2014,3297.74
1/9/2014,3298.87
1/10/2014,3306.49
1/13/2014,3265.27
1/14/2014,3300.61
1/15/2014,3317.75
1/16/2014,3313.36
1/17/2014,3300.51
1/21/2014,3309.74
1/22/2014,3312.04
1/23/2014,3282.64
1/24/2014,3214.14
1/27/2014,3198.57
1/28/2014,3218.21
1/29/2014,3185.7
1/30/2014,3221.78
1/31/2014,3200.95
2/3/2014,3127.87
2/4/2014,3151.94
2/5/2014,3146.49
2/6/2014,3187.25
2/7/2014,3229.65
2/10/2014,3234.79
2/11/2014,3270.74
2/12/2014,3271.47
2/13/2014,3290.82
2/14/2014,3306.92
2/18/2014,3311.27
2/19/2014,3289.83
2/20/2014,3310.27
2/21/2014,3304.36
2/24/2014,3324.84
2/25/2014,3320.43
2/26/2014,3321.15
2/27/2014,3338.05
2/28/2014,3347.38
3/3/2014,3322.85
3/4/2014,3373.64
3/5/2014,3374.1
3/6/2014,3380.49
3/7/2014,3382.57
3/10/2014,3381.22
3/11/2014,3364.17
3/12/2014,3366.07
3/13/2014,3327.11
3/14/2014,3317.81
3/17/2014,3349.71
3/18/2014,3373.98
3/19/2014,3353.29
3/20/2014,3373.6
3/21/2014,3363.72
3/24/2014,3347.36
3/25/2014,3362.44
3/26/2014,3339
3/27/2014,3333.23
3/28/2014,3348.83
3/31/2014,3375.51
4/1/2014,3399.51
4/2/2014,3409.8
4/3/2014,3406
4/4/2014,3363.41
4/7/2014,3327.27
4/8/2014,3340.84
4/9/2014,3377.61
4/10/2014,3307.08
4/11/2014,3276.04
4/14/2014,3302.98
4/15/2014,3325.3
4/16/2014,3360.27
4/17/2014,3365
4/21/2014,3377.75
4/22/2014,3391.58
4/23/2014,3384.5
4/24/2014,3390.39
4/25/2014,3362.95
4/28/2014,3374.04
4/29/2014,3390.16
4/30/2014,3400.46
5/1/2014,3400.2
5/2/2014,3395.61
5/5/2014,3402.23
5/6/2014,3371.72
5/7/2014,3392.1
5/8/2014,3388.29
5/9/2014,3394.05
5/12/2014,3427.01
5/13/2014,3429.3
5/14/2014,3413.84
5/15/2014,3382.52
5/16/2014,3395.21
5/19/2014,3408.52
5/20/2014,3386.48
5/21/2014,3414.45
5/22/2014,3422.99
5/23/2014,3437.58
5/27/2014,3458.19
5/28/2014,3454.88
5/29/2014,3473.86
5/30/2014,3480.29
6/2/2014,3483.14
6/3/2014,3482
6/4/2014,3489.21
6/5/2014,3512.21
6/6/2014,3528.98
6/9/2014,3532.47
6/10/2014,3531.62
6/11/2014,3519.52
6/12/2014,3495.57
6/13/2014,3506.58
6/16/2014,3509.54
6/17/2014,3517.23
6/18/2014,3544.42
6/19/2014,3549.44
6/20/2014,3555.6
6/23/2014,3555.14
6/24/2014,3532.57
6/25/2014,3549.96
6/26/2014,3546.38
6/27/2014,3553.35
6/30/2014,3552.18
7/1/2014,3576.55
7/2/2014,3579.11
7/3/2014,3598.73
7/7/2014,3584.75
7/8/2014,3560.53
7/9/2014,3577.28
7/10/2014,3562.49
7/11/2014,3568.08
7/14/2014,3585.37
7/15/2014,3578.46
7/16/2014,3593.91
7/17/2014,3551.73
7/18/2014,3588.21
7/21/2014,3579.99
7/22/2014,3597.95
7/23/2014,3604.3
7/24/2014,3606.1
7/25/2014,3588.68
7/28/2014,3589.73
7/29/2014,3573.65
7/30/2014,3574.45
7/31/2014,3503.19
8/1/2014,3493.18
8/4/2014,3518.31
8/5/2014,3484.56
8/6/2014,3485.67
8/7/2014,3467.14
8/8/2014,3507.21
8/11/2014,3517.53
8/12/2014,3511.96
8/13/2014,3536.42
8/14/2014,3551.97
8/15/2014,3552.17
8/18/2014,3582.7
8/19/2014,3601.33
8/20/2014,3610.49
8/21/2014,3621.23
8/22/2014,3614.5
8/25/2014,3631.86
8/26/2014,3635.71
8/27/2014,3636.64
8/28/2014,3630.98
8/29/2014,3643.33
9/2/2014,3641.52
9/3/2014,3639.35
9/4/2014,3633.87
9/5/2014,3652.26
9/8/2014,3641.66
9/9/2014,3617.89
9/10/2014,3631.45
9/11/2014,3635.66
9/12/2014,3614.06
9/15/2014,3611.52
9/16/2014,3638.6
9/17/2014,3643.4
9/18/2014,3661.73
9/19/2014,3660.03
9/22/2014,3630.7
9/23/2014,3610.1
9/24/2014,3638.44
9/25/2014,3579.61
9/26/2014,3610.98
9/29/2014,3602.09
9/30/2014,3592.25
10/1/2014,3544.98
10/2/2014,3545.3
10/3/2014,3584.94
10/6/2014,3579.42
10/7/2014,3525.29
10/8/2014,3588.07
10/9/2014,3514.12
10/10/2014,3474.23
10/13/2014,3417.01
10/14/2014,3422.43
10/15/2014,3395.03
10/16/2014,3395.64
10/17/2014,3439.39
10/20/2014,3470.89
10/21/2014,3538.9
10/22/2014,3513.47
10/23/2014,3556.7
10/24/2014,3581.82
10/27/2014,3576.47
10/28/2014,3619.16
10/29/2014,3614.53
10/30/2014,3637.3
10/31/2014,3679.99
11/3/2014,3679.58
11/4/2014,3669.18
11/5/2014,3691.38
11/6/2014,3706.45
11/7/2014,3708.46
11/10/2014,3720.25
11/11/2014,3722.84
11/12/2014,3721.3
11/13/2014,3723.58
11/14/2014,3724.92
11/17/2014,3727.86
11/18/2014,3747.74
11/19/2014,3742.35
11/20/2014,3749.87
11/21/2014,3770.03
11/24/2014,3780.88
11/25/2014,3776.94
11/26/2014,3788.42
11/28/2014,3778.96
12/1/2014,3753.31
12/2/2014,3777.47
12/3/2014,3792.68
12/4/2014,3788.34
12/5/2014,3794.68
12/8/2014,3767.7
12/9/2014,3758.87
12/10/2014,3705.51
12/11/2014,3723.32
12/12/2014,3663.1
12/15/2014,3639.97
12/16/2014,3609.06
12/17/2014,3682.7
12/18/2014,3771.72
12/19/2014,3788.97
12/22/2014,3803.94
12/23/2014,3810.78
12/24/2014,3810.39
12/26/2014,3823
12/29/2014,3826.95
12/30/2014,3808.69
12/31/2014,3769.44
1/2/2015,3768.68
1/5/2015,3700.03
1/6/2015,3667.14
1/7/2015,3710.94
1/8/2015,3777.4
1/9/2015,3745.67
1/12/2015,3715.36
1/13/2015,3706.15
1/14/2015,3684.72
1/15/2015,3650.74
1/16/2015,3699.79
1/20/2015,3705.64
1/21/2015,3723.62
1/22/2015,3780.51
1/23/2015,3759.76
1/26/2015,3769.45
1/27/2015,3718.99
1/28/2015,3669.1
1/29/2015,3704.35
1/30/2015,3656.28
2/2/2015,3703.77
2/3/2015,3757.34
2/4/2015,3742.84
2/5/2015,3782.11
2/6/2015,3770.2
2/9/2015,3754.36
2/10/2015,3794.62
2/11/2015,3795.82
2/12/2015,3833.35
2/13/2015,3849.29
2/17/2015,3856.04
2/18/2015,3855
2/19/2015,3851.53
2/20/2015,3875.6
2/23/2015,3874.46
2/24/2015,3885.27
2/25/2015,3882.95
2/26/2015,3877.85
2/27/2015,3866.42
3/2/2015,3890.32
3/3/2015,3872.71
3/4/2015,3856.51
3/5/2015,3861.29
3/6/2015,3807.04
3/9/2015,3822.42
3/10/2015,3757.83
3/11/2015,3751.2
3/12/2015,3799.43
3/13/2015,3776.44
3/16/2015,3827.62
3/17/2015,3814.91
3/18/2015,3861.39
3/19/2015,3842.62
3/20/2015,3877.26
3/23/2015,3870.49
3/24/2015,3847.05
3/25/2015,3791.13
3/26/2015,3782.21
3/27/2015,3791.9
3/30/2015,3838.65
3/31/2015,3805.27
4/1/2015,3790.66
4/2/2015,3804.14
4/6/2015,3829.31
4/7/2015,3821.49
4/8/2015,3833.2
4/9/2015,3850.29
4/10/2015,3870.31
4/13/2015,3852.93
4/14/2015,3859.22
4/15/2015,3879.1
4/16/2015,3876.17
4/17/2015,3832.33
4/20/2015,3867.82
4/21/2015,3862.15
4/22/2015,3881.93
4/23/2015,3891.46
4/24/2015,3900.24
4/27/2015,3884.1
4/28/2015,3895.21
4/29/2015,3880.9
4/30/2015,3841.78
5/1/2015,3883.75
5/4/2015,3895.16
5/5/2015,3849.41
5/6/2015,3833.7
5/7/2015,3849.13
5/8/2015,3901.01
5/11/2015,3881.93
5/12/2015,3870.69
5/13/2015,3870.36
5/14/2015,3912.52
5/15/2015,3915.99
5/18/2015,3928.15
5/19/2015,3926.41
5/20/2015,3923.18
5/21/2015,3932.9
5/22/2015,3924.16
5/26/2015,3883.88
5/27/2015,3920.11
5/28/2015,3915.82
5/29/2015,3891.18
6/1/2015,3899.59
6/2/2015,3895.85
6/3/2015,3904.83
6/4/2015,3871.23
6/5/2015,3865.83
6/8/2015,3841.45
6/10/2015,3889.7
6/11/2015,3897.59
6/12/2015,3870.56
6/15/2015,3852.75
6/16/2015,3874.73
6/17/2015,3882.49
6/18/2015,3921.43
6/19/2015,3900.64
6/22/2015,3924.41
6/23/2015,3927.23
6/24/2015,3898.47
6/25/2015,3887.04
6/26/2015,3886.21
6/29/2015,3805.5
6/30/2015,3815.85
7/1/2015,3843.26
7/2/2015,3842.06
7/6/2015,3827.35
7/7/2015,3850.66
7/8/2015,3787.67
7/9/2015,3796.26
7/10/2015,3843.1
7/13/2015,3885.97
7/14/2015,3903.31
7/15/2015,3900.5
7/16/2015,3931.85
7/17/2015,3936.22
7/20/2015,3939.35
7/21/2015,3922.7
7/22/2015,3913.75
7/23/2015,3891.79
7/24/2015,3850.15
7/27/2015,3827.93
7/28/2015,3875.37
7/29/2015,3904.21
7/30/2015,3904.64
7/31/2015,3895.8
8/3/2015,3885.07
8/4/2015,3876.44
8/5/2015,3889.99
8/6/2015,3860.92
8/7/2015,3849.96
8/10/2015,3899.36
8/11/2015,3862.81
8/12/2015,3867.37
8/13/2015,3863.03
8/14/2015,3878.16
8/17/2015,3899.1
8/18/2015,3889.6
8/19/2015,3857.74
8/20/2015,3776.36
8/21/2015,3656.67
8/24/2015,3512.65
8/25/2015,3465.19
8/26/2015,3600.73
8/27/2015,3688.6
8/28/2015,3691.3
8/31/2015,3660.75
9/1/2015,3552.65
9/2/2015,3618.25
9/3/2015,3622.66
9/4/2015,3567.41
9/8/2015,3657.32
9/9/2015,3606.8
9/10/2015,3626.14
9/11/2015,3643.54
9/14/2015,3628.87
9/15/2015,3675.48
9/16/2015,3707.62
9/17/2015,3698.74
9/18/2015,3638.99
9/21/2015,3655.64
9/22/2015,3610.7
9/23/2015,3603.49
9/24/2015,3591.37
9/25/2015,3589.71
9/28/2015,3498.61
9/29/2015,3503.13
9/30/2015,3570.17
10/1/2015,3577.47
10/2/2015,3629.04
10/5/2015,3695.61
10/6/2015,3682.33
10/7/2015,3713.36
10/8/2015,3746.12
10/9/2015,3748.96
10/12/2015,3753.73
10/13/2015,3728.48
10/14/2015,3711.11
10/15/2015,3766.43
10/16/2015,3783.64
10/19/2015,3784.72
10/20/2015,3779.44
10/21/2015,3757.91
10/22/2015,3820.49
10/23/2015,3862.65
10/26/2015,3855.29
10/27/2015,3845.45
10/28/2015,3891.34
10/29/2015,3890.04
10/30/2015,3871.33
11/2/2015,3917.3
11/3/2015,3928.05
11/4/2015,3915.52
11/5/2015,3911.89
11/6/2015,3910.98
11/9/2015,3873.37
11/10/2015,3880.23
11/11/2015,3867.71
11/12/2015,3814.29
11/13/2015,3771.59
11/16/2015,3828.46
11/17/2015,3824.14
11/18/2015,3886.26
11/19/2015,3882.06
11/20/2015,3897.45
11/23/2015,3892.8
11/24/2015,3897.67
11/25/2015,3897.57
11/27/2015,3900.74
11/30/2015,3882.84
12/1/2015,3924.63
12/2/2015,3882.38
12/3/2015,3826.74
12/4/2015,3905.31
12/7/2015,3878.31
12/8/2015,3853.48
12/9/2015,3823.9
12/10/2015,3832.93
12/11/2015,3759.09
12/14/2015,3777.22
12/15/2015,3817.36
12/16/2015,3873.12
12/17/2015,3815.46
12/18/2015,3747.56
12/21/2015,3777.15
12/22/2015,3810.85
12/23/2015,3858.47
12/24/2015,3852.31
12/28/2015,3843.94
12/29/2015,3885.55
12/30/2015,3857.9
12/31/2015,3821.6
1/4/2016,3763.99
1/5/2016,3771.57
1/6/2016,3723.44
1/7/2016,3635.29
1/8/2016,3595.91
1/11/2016,3598.97
1/12/2016,3627.06
1/13/2016,3536.92
1/14/2016,3596.03
1/15/2016,3518.51
1/19/2016,3520.4
1/20/2016,3479.75
1/21/2016,3497.94
1/22/2016,3568.9
1/25/2016,3513.11
1/26/2016,3562.81
1/27/2016,3524.33
1/28/2016,3544.13
1/29/2016,3631.96
2/1/2016,3630.46
2/2/2016,3562.52
2/3/2016,3581.53
2/4/2016,3587.71
2/5/2016,3521.6
2/8/2016,3472.08
2/9/2016,3470.5
2/10/2016,3471.04
2/11/2016,3428.99
2/12/2016,3496.28
2/16/2016,3555.2
2/17/2016,3614.16
2/18/2016,3597.49
2/19/2016,3597.92
2/22/2016,3649.92
2/23/2016,3604.68
2/24/2016,3620.87
2/25/2016,3662.84
2/26/2016,3656.42
2/29/2016,3627.06
3/1/2016,3713.7
3/2/2016,3729.59
3/3/2016,3743.02
3/4/2016,3755.47
3/7/2016,3759.05
3/8/2016,3717.49
3/9/2016,3736.92
3/10/2016,3737.74
3/11/2016,3800.07
3/14/2016,3795.53
3/15/2016,3788.62
3/16/2016,3810.09
3/17/2016,3835.26
3/18/2016,3852.15
3/21/2016,3855.97
3/22/2016,3853.18
3/23/2016,3828.58
3/24/2016,3827.14
3/28/2016,3829.26
3/29/2016,3863.8
3/30/2016,3881.01
3/31/2016,3873.11
4/1/2016,3897.66
4/4/2016,3886
4/5/2016,3846.59
4/6/2016,3888.41
4/7/2016,3841.98
4/8/2016,3852.72
4/11/2016,3842.17
4/12/2016,3879.42
4/13/2016,3918.95
4/14/2016,3920.03
4/15/2016,3916.17
4/18/2016,3941.86
4/19/2016,3954.01
4/20/2016,3957.25
4/21/2016,3936.8
4/22/2016,3937
4/25/2016,3929.88
4/26/2016,3937.23
4/27/2016,3944.02
4/28/2016,3907.88
4/29/2016,3888.13
5/2/2016,3918.53
5/3/2016,3884.63
5/4/2016,3862.4
5/5/2016,3862.4
5/6/2016,3875.18
5/9/2016,3878.14
5/10/2016,3926.63
5/11/2016,3891.13
5/12/2016,3890.85
5/13/2016,3858.17
5/16/2016,3896.36
5/17/2016,3860.88
5/18/2016,3862.25
5/19/2016,3847.97
5/20/2016,3871.75
5/23/2016,3863.82
5/24/2016,3916.77
5/25/2016,3944.33
5/26/2016,3944.05
5/27/2016,3961.67
5/31/2016,3957.95
6/1/2016,3963.1
6/2/2016,3974.76
6/3/2016,3963.23
6/6/2016,3982.74
6/7/2016,3987.96
6/8/2016,4001.98
6/9/2016,3995.28
6/10/2016,3958.68
6/13/2016,3927.73
6/14/2016,3920.93
6/15/2016,3914.02
6/16/2016,3926.93
6/17/2016,3914.15
6/20/2016,3936.91
6/21/2016,3947.94
6/22/2016,3941.45
6/23/2016,3994.18
6/24/2016,3850.7
6/27/2016,3781.02
6/28/2016,3849.05
6/29/2016,3915.1
6/30/2016,3968.21
7/1/2016,3976.68
7/5/2016,3949.72
7/6/2016,3972.26
7/7/2016,3969.19
7/8/2016,4029.75
7/11/2016,4043.49
7/12/2016,4071.85
7/13/2016,4072.77
7/14/2016,4094.28
7/15/2016,4090.49
7/18/2016,4100.4
7/19/2016,4094.61
7/20/2016,4112.61
7/21/2016,4097.82
7/22/2016,4116.5
7/25/2016,4104.13
7/26/2016,4105.57
7/27/2016,4100.81
7/28/2016,4107.75
7/29/2016,4114.51
8/1/2016,4109.28
8/2/2016,4083.25
8/3/2016,4097.3
8/4/2016,4099.21
8/5/2016,4134.56
8/8/2016,4131.19
8/9/2016,4132.96
8/10/2016,4122.65
8/11/2016,4142.72
8/12/2016,4139.63
8/15/2016,4151.69
8/16/2016,4129.68
8/17/2016,4138.42
8/18/2016,4147.64
8/19/2016,4142.23
8/22/2016,4139.97
8/23/2016,4148.16
8/24/2016,4126.65
8/25/2016,4121.09
8/26/2016,4114.68
8/29/2016,4136.75
8/30/2016,4129.34
8/31/2016,4120.29
9/1/2016,4120.17
9/2/2016,4137.7
9/6/2016,4150.11
9/7/2016,4150.51
9/8/2016,4141.46
9/9/2016,4039.95
9/12/2016,4099.47
9/13/2016,4039.92
9/14/2016,4037.83
9/15/2016,4079.32
9/16/2016,4063.97
9/19/2016,4063.94
9/20/2016,4065.2
9/21/2016,4109.63
9/22/2016,4136.41
9/23/2016,4112.69
9/26/2016,4077.71
9/27/2016,4104.18
9/28/2016,4126.83
9/29/2016,4088.47
9/30/2016,4121.06
10/3/2016,4108.13
10/4/2016,4088.17
10/5/2016,4107.4
10/6/2016,4109.49
10/7/2016,4096.25
10/10/2016,4115.12
10/11/2016,4063.92
10/12/2016,4068.92
10/13/2016,4056.45
10/14/2016,4057.28
10/17/2016,4045.07
10/18/2016,4069.99
10/19/2016,4079.5
10/20/2016,4074.18
10/21/2016,4073.85
10/24/2016,4093.22
10/25/2016,4077.8
10/26/2016,4070.76
10/27/2016,4058.75
10/28/2016,4046.36
10/31/2016,4045.89
11/1/2016,4018.47
11/2/2016,3992.76
11/3/2016,3976.56
11/4/2016,3970.02
11/7/2016,4058.3
11/8/2016,4075.61
11/9/2016,4121.03
11/10/2016,4129.46
11/11/2016,4123.69
11/14/2016,4123.81
11/15/2016,4155.62
11/16/2016,4150.21
11/17/2016,4169.87
11/18/2016,4160.58
11/21/2016,4191.68
11/22/2016,4200.95
11/23/2016,4204.49
11/25/2016,4221.02
11/28/2016,4199.39
11/29/2016,4205.99
11/30/2016,4195.73
12/1/2016,4181.15
12/2/2016,4182.81
12/5/2016,4207.57
12/6/2016,4222.04
12/7/2016,4278.44
12/8/2016,4288.1
12/9/2016,4313.61
12/12/2016,4308.94
12/13/2016,4337.86
12/14/2016,4302.93
12/15/2016,4319.84
12/16/2016,4312.4
12/19/2016,4321.02
12/20/2016,4337.36
12/21/2016,4326.85
12/22/2016,4319.33
12/23/2016,4325.17
12/27/2016,4334.93
12/28/2016,4299.45
12/29/2016,4298.39
12/30/2016,4278.66
1/3/2017,4315.08
1/4/2017,4340.75
1/5/2017,4337.45
1/6/2017,4354.05
1/9/2017,4338.62
1/10/2017,4338.64
1/11/2017,4351.32
1/12/2017,4342.09
1/13/2017,4350.11
1/17/2017,4337.2
1/18/2017,4345.57
1/19/2017,4329.96
1/20/2017,4344.67
1/23/2017,4333.1
1/24/2017,4361.56
1/25/2017,4396.57
1/26/2017,4393.43
1/27/2017,4389.85
1/30/2017,4363.67
1/31/2017,4359.81
2/1/2017,4362.1
2/2/2017,4364.85
2/3/2017,4396.95
2/6/2017,4387.67
2/7/2017,4388.87
2/8/2017,4393.31
2/9/2017,4419.4
2/10/2017,4435.42
2/13/2017,4459.83
2/14/2017,4478.98
2/15/2017,4501.99
2/16/2017,4498.56
2/17/2017,4506.2
2/21/2017,4533.46
2/22/2017,4528.97
2/23/2017,4531.39
2/24/2017,4539.25
2/27/2017,4544.51
2/28/2017,4532.93
3/1/2017,4595.73
3/2/2017,4569.17
3/3/2017,4571.6
3/6/2017,4556.72
3/7/2017,4543.75
3/8/2017,4534.68
3/9/2017,4538.36
3/10/2017,4553.28
3/13/2017,4556.44
3/14/2017,4541.26
3/15/2017,4579.44
3/16/2017,4572.16
3/17/2017,4566.17
3/20/2017,4557.12
3/21/2017,4500.98
3/22/2017,4509.65
3/23/2017,4504.92
3/24/2017,4501.11
3/27/2017,4496.53
3/28/2017,4529.17
3/29/2017,4535.01
3/30/2017,4548.46
3/31/2017,4538.21
4/3/2017,4530.98
4/4/2017,4534.25
4/5/2017,4520.86
4/6/2017,4530.93
4/7/2017,4527.2
4/10/2017,4530.57
4/11/2017,4524.71
4/12/2017,4507.76
4/13/2017,4477.07
4/17/2017,4515.65
4/18/2017,4502.66
4/19/2017,4495.56
4/20/2017,4529.65
4/21/2017,4515.9
4/24/2017,4564.93
4/25/2017,4592.74
4/26/2017,4590.56
4/27/2017,4593.57
4/28/2017,4584.82
5/1/2017,4592.78
5/2/2017,4598.24
5/3/2017,4593.32
5/4/2017,4596.24
5/5/2017,4615.09
5/8/2017,4615.73
5/9/2017,4611.21
5/10/2017,4618.19
5/11/2017,4609.69
5/12/2017,4602.96
5/15/2017,4625.51
5/16/2017,4623.26
5/17/2017,4540.58
5/18/2017,4557.41
5/19/2017,4588.35
5/22/2017,4612.12
5/23/2017,4620.7
5/24/2017,4632.37
5/25/2017,4653.59
5/26/2017,4655.65
5/30/2017,4650.76
5/31/2017,4649.34
6/1/2017,4685.11
6/2/2017,4702.56
6/5/2017,4697
6/6/2017,4683.96
6/7/2017,4692.29
6/8/2017,4693.67
6/9/2017,4689.79
6/12/2017,4685.54
6/13/2017,4707.88
6/14/2017,4703.53
6/15/2017,4693.86
6/16/2017,4695.23
6/19/2017,4734.48
6/20/2017,4702.82
6/21/2017,4700.5
6/22/2017,4698.4
6/23/2017,4705.73
6/26/2017,4707.27
6/27/2017,4669.27
6/28/2017,4711.33
6/29/2017,4670.96
6/30/2017,4678.36
7/3/2017,4689.61
7/5/2017,4697.34
7/6/2017,4655.02
7/7/2017,4684.88
7/10/2017,4689.25
7/11/2017,4685.64
7/12/2017,4720.28
7/13/2017,4729.25
7/14/2017,4751.43
7/17/2017,4751.33
7/18/2017,4754.27
7/19/2017,4780.25
7/20/2017,4779.84
7/21/2017,4778.07
7/24/2017,4773.1
7/25/2017,4787.04
7/26/2017,4788.41
7/27/2017,4784.26
7/28/2017,4778.02
7/31/2017,4774.56
8/1/2017,4786.27
8/2/2017,4789.54
8/3/2017,4779.99
8/4/2017,4789.11
8/7/2017,4797.13
8/8/2017,4786.12
8/9/2017,4784.94
8/10/2017,4717.4
8/11/2017,4723.73
8/14/2017,4771.43
8/15/2017,4770.15
8/16/2017,4778.28
8/17/2017,4704.73
8/18/2017,4696.22
8/21/2017,4701.82
8/22/2017,4748.73
8/23/2017,4732.76
8/24/2017,4723.03
8/25/2017,4731.46
8/28/2017,4733.97
8/29/2017,4738.62
8/30/2017,4761.72
8/31/2017,4789.18
9/1/2017,4798.99
9/5/2017,4762.75
9/6/2017,4777.69
9/7/2017,4777.93
9/8/2017,4771.02
9/11/2017,4822.8
9/12/2017,4839.31
9/13/2017,4843.04
9/14/2017,4839.29
9/15/2017,4848.84
9/18/2017,4856.08
9/19/2017,4861.52
9/20/2017,4864.61
9/21/2017,4849.95
9/22/2017,4853.2
9/25/2017,4842.41
9/26/2017,4843.14
9/27/2017,4862.93
9/28/2017,4869.81
9/29/2017,4887.97
10/2/2017,4906.92
10/3/2017,4917.73
10/4/2017,4924.19
10/5/2017,4952.85
10/6/2017,4949.09
10/9/2017,4940.16
10/10/2017,4951.77
10/11/2017,4960.79
10/12/2017,4952.85
10/13/2017,4957.27
10/16/2017,4966.05
10/17/2017,4969.38
10/18/2017,4973.28
10/19/2017,4975.32
10/20/2017,5001.11
10/23/2017,4981.37
10/24/2017,4989.56
10/25/2017,4966.29
10/26/2017,4972.6
10/27/2017,5012.75
10/30/2017,4997.15
10/31/2017,5002.03
11/1/2017,5009.99
11/2/2017,5011.48
11/3/2017,5027.49
11/6/2017,5034.3
11/7/2017,5033.38
11/8/2017,5040.74
11/9/2017,5023.01
11/10/2017,5020.31
11/13/2017,5025.36
11/14/2017,5014.53
11/15/2017,4987.96
11/16/2017,5030.48
11/17/2017,5017.45
11/20/2017,5024.01
11/21/2017,5056.95
11/22/2017,5053.6
11/24/2017,5064.23
11/27/2017,5062.85
11/28/2017,5112.91
11/29/2017,5111.68
11/30/2017,5155.44
12/1/2017,5145.21
12/4/2017,5139.91
12/5/2017,5120.92
12/6/2017,5120.46
12/7/2017,5136.37
12/8/2017,5165.19
12/11/2017,5181.75
12/12/2017,5189.96
12/13/2017,5187.68
12/14/2017,5167.45
12/15/2017,5214.1
12/18/2017,5242.28
12/19/2017,5225.43
12/20/2017,5221.79
12/21/2017,5232.16
12/22/2017,5229.79
12/26/2017,5224.51
12/27/2017,5229.01
12/28/2017,5239.59
12/29/2017,5212.76
1/2/2018,5256.28
1/3/2018,5289.92
1/4/2018,5312.33
1/5/2018,5349.69
1/8/2018,5358.68
1/9/2018,5367.26
1/10/2018,5361.33
1/11/2018,5399.46
1/12/2018,5435.92
1/16/2018,5416.86
1/17/2018,5467.85
1/18/2018,5459.5
1/19/2018,5483.57
1/22/2018,5527.89
1/23/2018,5540.13
1/24/2018,5537.03
1/25/2018,5540.38
1/26/2018,5606.08
1/29/2018,5568.67
1/30/2018,5508.36
1/31/2018,5511.21
2/1/2018,5508.7
2/2/2018,5392.21
2/5/2018,5171.26
2/6/2018,5262.02
2/7/2018,5235.84
